kd_nM,gate,fold_range,fold_vs_zero,ratio_spread_3h,n_eff
0.05,viable,2.7105486515441806,4.847002009994044,0.09697765261310093,2.6778749276247966
0.25,viable,2.687312253756322,4.737497871565363,0.0797548095868961,2.6676265780412045
1,viable,2.553116579123991,4.213610309172012,0.05730200393734956,2.6599945497529403
5,viable,2.093071817095234,2.846890365135573,0.03894565812457005,2.6616995574433244
25,dead,1.453730489816982,1.6175092863343248,0.025464692744763665,2.670995434911514
100,dead,1.1426675060663576,1.1786398447115107,0.01294128798615771,2.674045661212663
500,dead,1.0305381479068612,1.0372337650977417,0.0035522654456074734,2.6743752183063267
2000,dead,1.0077313496547362,1.0093780143461037,0.0009523236713343544,2.6744323010543942
5000,dead,1.0031002827448798,1.0037567120929825,0.0003865043565012983,2.674448120493332
