shared_cv,n_cells,sigma_t_h,sigma_dose_rel
0.0,1,2.5327286235790587,0.34356979350553113
0.0,10,0.8009191145613065,0.1086463082711204
0.0,30,0.46241086639108697,0.06272697532679042
0.0,100,0.25327286235790586,0.0343569793505531
0.0,300,0.14622715526076396,0.019836011276584246
0.0,1000,0.08009191145613065,0.01086463082711204
0.02,1,2.5408204289349396,0.3446674633740377
0.02,10,0.826151075449355,0.11206907512870666
0.02,30,0.5048544154040989,0.06848452915007994
0.02,100,0.3243475207295801,0.0439984014409013
0.02,300,0.2498730724430191,0.03389579092785932
0.02,1000,0.21787355433176225,0.02955499115665248
0.05,1,2.5828865348529226,0.35037381627314934
0.05,10,0.9476602763108379,0.1285520455742368
0.05,30,0.6858661535492347,0.09303913990372602
0.05,100,0.5663353370882251,0.07682454132939333
0.05,300,0.5272295061579184,0.07151975575840643
0.05,1000,0.5128384594670758,0.06956758097984121
0.1,1,2.7278322099440313,0.3700359921560909
0.1,10,1.2914432674264613,0.17518690813657467
0.1,30,1.1136328363819126,0.15106656120782358
0.1,100,1.0442707636041693,0.14165745483949535
0.1,300,1.023590086825348,0.13885207893608978
0.1,1000,1.016252428873931,0.13785671069816932
