arm,age_h,sigma_t_min,sigma_dose_rel
FINAL,0.5,66.12738396109495,4.106102113091548
PULSE,0.5,8.973285816417503,1.3152045132442765
FINAL@beta118,0.5,12.655270760900313,0.8319559406250087
FINAL,0.75,28.190544652179796,0.9924831030198835
PULSE,0.75,4.379796538797841,0.3604211403218951
FINAL@beta118,0.75,6.31556205154433,0.25108370140671205
FINAL,1.0,18.63035624045122,0.44259508835802785
PULSE,1.0,3.6643222308969667,0.199974288548512
FINAL@beta118,1.0,4.988603753150407,0.1421938758184015
FINAL,1.5,14.96005605788917,0.20840416984059357
PULSE,1.5,4.478023489891472,0.12369851457672312
FINAL@beta118,1.5,5.41257340747798,0.09244279114337423
FINAL,2.0,17.085974653431222,0.15647076509697797
PULSE,2.0,6.8415703762692335,0.10219561910456981
FINAL@beta118,2.0,7.411586216134073,0.08051803575419521
FINAL,2.5,22.185992953026727,0.1389352735206489
PULSE,2.5,11.081757135693692,0.09398396552965231
FINAL@beta118,2.5,10.69614312154736,0.07708789570833574
FINAL,3.0,30.133969539823305,0.1327194173365285
PULSE,3.0,18.242355604490733,0.09146026382039679
FINAL@beta118,3.0,15.527267718940765,0.0769906697705351
FINAL,3.5,41.40900472090512,0.13146207151430914
PULSE,3.5,30.052137563473494,0.09234399648658731
FINAL@beta118,3.5,22.334984511707262,0.07855159913224015
FINAL,4.0,56.7515273361107,0.13269023464557858
PULSE,4.0,49.164339880290896,0.09591955185688397
FINAL@beta118,4.0,31.66351057811096,0.08100927048732329
FINAL,5.0,103.59952232950067,0.13843399034703263
PULSE,5.0,126.1517222044628,0.1109287080827584
FINAL@beta118,5.0,60.63524691423625,0.08711275129200093
FINAL,6.0,180.8095335552544,0.14555586311831
PULSE,6.0,296.4442773938854,0.1368814326822559
FINAL@beta118,6.0,109.32324939410015,0.09353125216400263
